input_address,score,CHI_Region,chi_district,chi_estate,OGCIO_CHI_BuildingName,OGCIO_CHI_StreetName,OGCIO_CHI_BuildingNo,OGCIO_CHI_Block,OGCIO_ENG_Region,OGCIO_ENG_District,OGCIO_ENG_Estate,OGCIO_ENG_BuildingName,OGCIO_ENG_StreetName,OGCIO_ENG_BuildingNo,OGCIO_ENG_Block
香港仔香港仔大道166至168號,92,香港,南區,,,香港仔大道,168,,HK,SOUTHERN DISTRICT,,,ABERDEEN MAIN ROAD,168,
銅鑼灣謝斐道488號,63,香港,灣仔區,,滙創大廈,謝斐道,488,,HK,WAN CHAI DISTRICT,,WELL-FOUND BUILDING,JAFFE ROAD,488,
中環德輔道中24號地下大堂,80,香港,中西區,,創興銀行中心,德輔道中,24,,HK,CENTRAL & WESTERN DISTRICT,,CHONG HING BANK CENTRE,DES VOEUX ROAD CENTRAL,24,
中環德輔道中24號地下大堂,80,香港,中西區,,創興銀行中心,德輔道中,24,,HK,CENTRAL & WESTERN DISTRICT,,CHONG HING BANK CENTRE,DES VOEUX ROAD CENTRAL,24,
北角英皇道376號,70,香港,東區,,美麗閣,英皇道,376,,HK,EASTERN DISTRICT,,MARY COURT,KING'S ROAD,376,
筲箕灣筲箕灣道203至205號,77,香港,東區,,,筲箕灣道,203,,HK,EASTERN DISTRICT,,,SHAU KEI WAN ROAD,203,
灣仔軒尼詩道265至267號,72,香港,灣仔區,,祥興大廈,軒尼詩道,265,,HK,WAN CHAI DISTRICT,,CHONG HING BUILDING,HENNESSY ROAD,265,
西環德輔道西347至349號,77,香港,中西區,,豐業大廈,德輔道西,347,,HK,CENTRAL & WESTERN DISTRICT,,FUNG YIP BUILDING,DES VOEUX ROAD WEST,347,
西環德輔道西81至85號,88,香港,中西區,,潮州會館,德輔道西,81,,HK,CENTRAL & WESTERN DISTRICT,,CHIU CHOW ASSOCIATION BUILDING,DES VOEUX ROAD WEST,81,
佐敦吳松街120號地下,88,九龍,油尖旺區,,餘慶大廈,吳松街,120,,KLN,YAU TSIM MONG DISTRICT,,YU HING MANSION,WOOSUNG STREET,120,
九龍灣宏開道8號其士商業中心地下8號舖,100,九龍,觀塘區,,其士商業中心,宏開道,8,,KLN,KWUN TONG DISTRICT,,CHEVALIER COMMERCIAL CENTRE,WANG HOI ROAD,8,
九龍城衙前圍道31至33號,92,九龍,九龍城區,,,衙前圍道,31,,KLN,KOWLOON CITY DISTRICT,,,NGA TSIN WAI ROAD,31,
觀塘物華街31至33號,88,九龍,觀塘區,,南洋大樓,物華街,33,,KLN,KWUN TONG DISTRICT,,NAM YEUNG MANSION,MUT WAH STREET,33,
觀塘巧明街114號,88,九龍,觀塘區,,迅達工業大廈,巧明街,114,,KLN,KWUN TONG DISTRICT,,SPEEDY INDUSTRIAL BUILDING,HOW MING STREET,114,
德田邨德田廣場207號,60,九龍,觀塘區,德田邨,德田廣場,碧雲道,223,,KLN,KWUN TONG DISTRICT,TAK TIN ESTATE,TAK TIN PLAZA,PIK WAN ROAD,223,
旺角彌敦道591號,75,九龍,油尖旺區,,豐怡中心,彌敦道,591,,KLN,YAU TSIM MONG DISTRICT,,THE HARVEST,NATHAN ROAD,591,
牛頭角順利邨利溢樓,78,九龍,觀塘區,順利邨,利溢樓,利安道,15,,KLN,KWUN TONG DISTRICT,SHUN LEE ESTATE,LEE YAT HOUSE,LEE ON ROAD,15,
新蒲崗衍慶街55至57號,73,九龍,黃大仙區,,寶興大廈,衍慶街,57,,KLN,WONG TAI SIN DISTRICT,,PO HING MANSION,YIN HING STREET,57,
深水埗大埔道144至148號,50,九龍,深水埗區,,基督教香港崇真會深水埗堂,大埔道,58,,KLN,SHAM SHUI PO DISTRICT,,TSUNG TSIN MISSION OF HONG KONG SHAMSHUIPO CHURCH,TAI PO ROAD,58,
深水埗青山道285至287號,77,九龍,深水埗區,,,青山道,285,,KLN,SHAM SHUI PO DISTRICT,,,CASTLE PEAK ROAD,285,
大角咀荔枝角道139號,80,九龍,油尖旺區,,,荔枝角道,139,,KLN,YAU TSIM MONG DISTRICT,,,LAI CHI KOK ROAD,139,
土瓜灣譚公道34至34A號,76,九龍,九龍城區,,建安大廈,譚公道,34,,KLN,KOWLOON CITY DISTRICT,,KIN ON MANSION,TAM KUNG ROAD,34,
尖沙咀加連威老道16號,73,九龍,油尖旺區,,加連威大廈,加連威老道,16,,KLN,YAU TSIM MONG DISTRICT,,GRANVILLE BUILDING,GRANVILLE ROAD,16,
黃大仙雙鳳街60至64號,77,九龍,黃大仙區,,,雙鳳街,60,,KLN,WONG TAI SIN DISTRICT,,,SHEUNG FUNG STREET,60,
油塘鯉魚門廣場地下下層LG1號舖,70,九龍,觀塘區,,鯉魚門廣場,鯉魚門道,80,,KLN,KWUN TONG DISTRICT,,LEI YUE MUN PLAZA,LEI YUE MUN ROAD,80,
粉嶺聯和墟和隆街2號,76,新界,北區,,寶寧樓,和隆街,2,,NT,NORTH DISTRICT,,PO LING BUILDING,WO LUNG STREET,2,
葵涌祖堯邨敬祖路C座地下,72,新界,葵青區,祖堯邨,祖堯坊,敬祖路,6,,NT,KWAI TSING DISTRICT,CHO YIU CHUEN,CHO YIU CENTRE,KING CHO ROAD,6,
馬鞍山恆安邨恆安商場3樓,75,新界,沙田區,恒安邨,恒安商場 恒安體育館,恆錦街,1,,NT,SHA TIN DISTRICT,HENG ON ESTATE,HENG ON SHOPPING CENTRE HENG ON SPORTS CENTRE,HANG KAM STREET,1,
上水新豐路71號,88,新界,北區,,,新豐路,71,,NT,NORTH DISTRICT,,,SAN FUNG AVENUE,71,
天水圍天澤邨天澤商場1樓112號舖,78,新界,元朗區,天澤邨,天澤商場,天瑞路,77,,NT,YUEN LONG DISTRICT,TIN CHAK ESTATE,TIN CHAK SHOPPING CENTRE,TIN SHUI ROAD,77,
將軍澳尚德邨尚德商場237號,66,新界,西貢區,尚德邨,尚智樓,唐明街,2,,NT,SAI KUNG DISTRICT,SHEUNG TAK ESTATE,SHEUNG CHI HOUSE,TONG MING STREET,2,
荃灣沙咀道298號翡翠廣場地下,96,新界,荃灣區,,翡翠廣場,沙嘴道,298,,NT,TSUEN WAN DISTRICT,,JADE PLAZA,SHA TSUI ROAD,298,
屯門鄉事會路117號康麗花園地下,87,新界,屯門區,康麗花園,屯門康麗花園商場,屯門鄉事會路,117,,NT,TUEN MUN DISTRICT,HONG LAI GARDEN,TUEN MUN HONG LAI GARDEN SHOPPING CENTRE,TUEN MUN HEUNG SZE WUI ROAD,117,
屯門良景邨良景廣場 2 樓 L220 號舖,70,新界,屯門區,良景邨,良景廣場,田景路,31,,NT,TUEN MUN DISTRICT,LEUNG KING ESTATE,LEUNG KING PLAZA,TIN KING ROAD,31,
屯門龍門路45號富健花園82號,91,新界,屯門區,富健花園,一座,龍門路,45,,NT,TUEN MUN DISTRICT,GLORIOUS GARDEN,BLOCK 1,LUNG MUN ROAD,45,
元朗青山道99至109號,62,九龍,深水埗區,,福至工業大廈,青山道,658,,KLN,SHAM SHUI PO DISTRICT,,FAST INDUSTRIAL BUILDING,CASTLE PEAK ROAD,658,
大嶼山東涌逸東邨逸東商場地下1及2號舖,78,新界,離島區,逸東邨,逸東商場,逸東街,8,,NT,ISLANDS DISTRICT,YAT TUNG ESTATE,YAT TUNG SHOPPING CENTRE,YAT TUNG STREET,8,
新界天水圍置富嘉湖2期1樓103號,83,新界,元朗區,,嘉湖,天恩路,18,2,NT,YUEN LONG DISTRICT,,+WOO,TIN YAN ROAD,18,2
新界沙田瀝源邨瀝源廣場212號鋪,88,新界,沙田區,瀝源邨,瀝源商場,瀝源街,6,,NT,SHA TIN DISTRICT,LEK YUEN ESTATE,LEK YUEN SHOPPING CENTRE,LEK YUEN STREET,6,
新界屯門兆康站SIH 34舖,50,新界,屯門區,,港鐵兆康站,青麟路,,,NT,TUEN MUN DISTRICT,,MTR SIU HONG STATION,TSING LUN ROAD,,
新界屯門兆康站SIH 34舖,50,新界,屯門區,,港鐵兆康站,青麟路,,,NT,TUEN MUN DISTRICT,,MTR SIU HONG STATION,TSING LUN ROAD,,
中環德輔道中24號3樓,80,香港,中西區,,創興銀行中心,德輔道中,24,,HK,CENTRAL & WESTERN DISTRICT,,CHONG HING BANK CENTRE,DES VOEUX ROAD CENTRAL,24,
葵涌邨葵涌商場二樓平台自動櫃員機5號,78,新界,葵青區,葵涌邨,葵涌商場,,,,NT,KWAI TSING DISTRICT,KWAI CHUNG ESTATE,KWAI CHUNG SHOPPING CENTRE,,,
九龍茘枝角道833號昇悦商場一樓號舖旁邊位置,100,九龍,深水埗區,昇悅居,昇悅商場,荔枝角道,833,,KLN,SHAM SHUI PO DISTRICT,LIBERTE,LIBERTE PLACE,LAI CHI KOK ROAD,833,
青衣長發邨長發廣場2樓206A號舖,64,新界,葵青區,長發邨,長發廣場青衣市場,担杆山路,6,,NT,KWAI TSING DISTRICT,CHEUNG FAT ESTATE,CHEUNG FAT PLAZA MARITIME MARKET,TAM KON SHAN ROAD,6,
大埔太和路12號太和廣場1樓101 I 號舖,91,新界,大埔區,太和邨,太和廣場,大埔太和路,12,,NT,TAI PO DISTRICT,TAI WO ESTATE,TAI WO PLAZA,TAI PO TAI WO ROAD,12,
"新界天水圍天瑞路71,73,75及77號天澤邨天澤商場2樓218號舖",85,新界,元朗區,天澤邨,天澤服務設施大樓,天瑞路,71,,NT,YUEN LONG DISTRICT,TIN CHAK ESTATE,TIN CHAK ANCILLARY FACILITIES BLOCK,TIN SHUI ROAD,71,
大嶼山東涌逸東邨逸東商場地下1及2號舖,78,新界,離島區,逸東邨,逸東商場,逸東街,8,,NT,ISLANDS DISTRICT,YAT TUNG ESTATE,YAT TUNG SHOPPING CENTRE,YAT TUNG STREET,8,
香港仔中心商場第三期一號舖及地庫,78,香港,東區,筲箕灣中心,筲箕灣中心商塲,筲箕灣道,407,,HK,EASTERN DISTRICT,SHAUKIWAN CENTRE,SHAUKIWAN CENTRE SHOPPING ARCADE,SHAU KEI WAN ROAD,407,
金鐘夏愨道18號海富中心商場1樓10號舖,90,香港,中西區,海富中心,,夏慤道,18,,HK,CENTRAL & WESTERN DISTRICT,ADMIRALTY CENTRE,,HARCOURT ROAD,18,
銅鑼灣軒尼詩道482號,66,香港,灣仔區,,銅鑼灣廣場,軒尼詩道,489,,HK,WAN CHAI DISTRICT,,CAUSEWAY BAY PLAZA,HENNESSY ROAD,489,
中環德輔道中19號環球大廈,91,香港,中西區,,環球大廈,德輔道中,19,,HK,CENTRAL & WESTERN DISTRICT,,WORLD WIDE HSE,DES VOEUX ROAD CENTRAL,19,
中環德輔道中19號環球大廈,91,香港,中西區,,環球大廈,德輔道中,19,,HK,CENTRAL & WESTERN DISTRICT,,WORLD WIDE HSE,DES VOEUX ROAD CENTRAL,19,
柴灣盛泰街100號杏花村杏花新城地下G59號,93,香港,東區,杏花邨,杏花新城,盛泰道,100,,HK,EASTERN DISTRICT,HENG FA CHUEN,PARADISE MALL,SHING TAI ROAD,100,
跑馬地毓秀街13號金毓大廈地下A號舖,91,香港,灣仔區,,金毓大廈,毓秀街,13,,HK,WAN CHAI DISTRICT,,KAM YUK MANSION,YUK SAU STREET,13,
北角英皇道433-437號珠璣大廈,82,香港,東區,,珠璣大廈,英皇道,437,,HK,EASTERN DISTRICT,,CHU KEE BUILDING,KING'S ROAD,437,
北角英皇道293-299號璇宮大廈地下15-22號舖及地庫,85,香港,東區,,璇宮大廈,英皇道,293,,HK,EASTERN DISTRICT,,EMPIRE APARTMENTS,KING'S ROAD,293,
香港港島東太古城太裕路1號安盛台地下501號舖,100,香港,東區,太古城,寶安閣,太裕路,1,,HK,EASTERN DISTRICT,TAIKOO SHING,PO ON MANSION,TAI YUE AVENUE,1,
筲箕灣筲箕灣道57-87號太安樓地下G8號舖,85,香港,東區,,太安樓,筲箕灣道,57,,HK,EASTERN DISTRICT,,TAI ON BUILDING,SHAU KEI WAN ROAD,57,
上環德輔道中288號易通商業大廈地下B2號鋪連1/F B室,91,香港,中西區,,易通商業大廈,德輔道中,288,,HK,CENTRAL & WESTERN DISTRICT,,ETON BUILDING,DES VOEUX ROAD CENTRAL,288,
灣仔莊士敦道164號,88,香港,灣仔區,,美華大廈,莊士敦道,164,,HK,WAN CHAI DISTRICT,,MEI WAH BUILDING,JOHNSTON ROAD,164,
灣仔告士打道108號大新金融中心地下,88,香港,灣仔區,,光大中心,告士打道,108,,HK,WAN CHAI DISTRICT,,EVERBRIGHT CENTRE,GLOUCESTER ROAD,108,
灣仔告士打道108號大新金融中心地下,88,香港,灣仔區,,光大中心,告士打道,108,,HK,WAN CHAI DISTRICT,,EVERBRIGHT CENTRE,GLOUCESTER ROAD,108,
西環皇后大道西443-453號地下15-16號舖,77,香港,中西區,,業昌大廈,皇后大道西,443,,HK,CENTRAL & WESTERN DISTRICT,,YIP CHEUNG BUILDING,QUEEN'S ROAD WEST,443,
"九龍紅磡蕪湖街28號昌隆閣地下3 及4號舖, 1樓2 號舖及2樓3 號舖",100,九龍,九龍城區,,昌隆閣,蕪湖街,28,,KLN,KOWLOON CITY DISTRICT,,CHERON COURT,WUHU STREET,28,
佐敦彌敦道335號,82,九龍,油尖旺區,,高怡醫務中心,彌敦道,335,,KLN,YAU TSIM MONG DISTRICT,,BRIGHT GROWTH MEDICAL CENTRE,NATHAN ROAD,335,
九龍灣展貿徑一號國際展貿中心地下陳列櫃01B,78,九龍,觀塘區,,九龍灣國際展貿中心,展貿徑,1,,KLN,KWUN TONG DISTRICT,,KOWLOONBAY INTERNATIONAL TRADE & EXHIBITION CENTRE,TRADEMART DRIVE,1,
九龍灣德福廣場一期二樓F5A-F6A號,73,九龍,觀塘區,德福花園,德福廣場一期,偉業街,33,,KLN,KWUN TONG DISTRICT,TELFORD GARDENS,TELFORD PLAZA I,WAI YIP STREET,33,
九龍觀塘成業街10號地下A舖,95,九龍,觀塘區,,電訊一代廣場,成業街,10,,KLN,KWUN TONG DISTRICT,,T G PLACE,SHING YIP STREET,10,
九龍觀塘康寧道45 號宜安中心地下７ -９號舖,100,九龍,觀塘區,,宜安中心,康寧道,45,,KLN,KWUN TONG DISTRICT,,YEE ON CENTRE,HONG NING ROAD,45,
樂富橫頭磡樂富廣場1樓1101&1102號舖,70,九龍,黃大仙區,樂富邨,樂富廣場,聯合道,198,,KLN,WONG TAI SIN DISTRICT,LOK FU ESTATE,LOK FU PLAZA,JUNCTION ROAD,198,
美孚新邨萬事達廣場1樓N95號C舖,70,九龍,深水埗區,美孚新邨,,萬事達廣場,1,,KLN,SHAM SHUI PO DISTRICT,MEI FOO SUN CHUEN,,MOUNT STERLING MALL,1,
旺角彌敦道697號,75,九龍,油尖旺區,,永如大廈,彌敦道,697,,KLN,YAU TSIM MONG DISTRICT,,WINNER MANSION,NATHAN ROAD,697,
九龍長沙灣道889號華創中心地下1號鋪,100,九龍,深水埗區,,華創中心,長沙灣道,889,,KLN,SHAM SHUI PO DISTRICT,,CRE CENTRE,CHEUNG SHA WAN ROAD,889,
九龍土瓜灣道245B及247號美景樓第2期地下,93,九龍,九龍城區,美景樓,,土瓜灣道,245B,II,KLN,KOWLOON CITY DISTRICT,MEI KING MANSION,,TO KWA WAN ROAD,245B,II
尖沙咀彌敦道66-70號金冠大廈,82,九龍,油尖旺區,,金冠大廈,彌敦道,70,,KLN,YAU TSIM MONG DISTRICT,,GOLDEN CROWN COURT,NATHAN ROAD,70,
油麻地彌敦道561號,72,九龍,油尖旺區,,,彌敦道,561,,KLN,YAU TSIM MONG DISTRICT,,,NATHAN ROAD,561,
新界葵涌興芳路177號葵芳邨葵芳廣場1樓116號,100,新界,葵青區,葵芳邨,葵芳廣場,興芳路,177,,NT,KWAI TSING DISTRICT,KWAI FONG ESTATE,KWAI FONG PLAZA,HING FONG ROAD,177,
新界馬鞍山西沙路608號馬鞍山廣場三樓335號舖,100,新界,沙田區,海栢花園,馬鞍山廣場,西沙路,608,,NT,SHA TIN DISTRICT,BAYSHORE TOWERS,MA ON SHAN PLAZA,SAI SHA ROAD,608,
沙田 好運中心地下9號舖,64,新界,沙田區,好運中心,棕林閣,橫壆街,1,,NT,SHA TIN DISTRICT,LUCKY PLAZA,CHUNG LAM COURT,WANG POK STREET,1,
上水新豐路55-59號兆啓樓地下B號舖,78,新界,北區,,兆計樓,新豐路,59,,NT,NORTH DISTRICT,,SIU KAI HOUSE,SAN FUNG AVENUE,59,
大埔安泰路1號大埔廣場地下53號及54號舖,97,新界,大埔區,大埔廣場,,安泰路,1,,NT,TAI PO DISTRICT,TAI PO PLAZA,,ON TAI ROAD,1,
新界沙田大圍道55-56號積輝街14-18號金禧花園地下1及2號舖,83,新界,沙田區,金禧花園,,積輝街,14,,NT,SHA TIN DISTRICT,GRANDEUR GARDEN,,CHIK FAI STREET,14,
新界元朗天水圍天靖街3號天盛苑天盛商場1樓L120號舖,100,新界,元朗區,天盛苑,天盛商場,天靖街,3,,NT,YUEN LONG DISTRICT,TIN SHING COURT,TIN SHING SHOPPING CENTRE,TIN CHING STREET,3,
將軍澳唐俊街9號君薈坊地下層G10號商鋪,97,新界,西貢區,君傲灣,POPCORN II,唐俊街,9,,NT,SAI KUNG DISTRICT,THE GRANDIOSE,POPCORN II,TONG CHUN STREET,9,
將軍澳MCP Discovery一樓127號舖,50,新界,西貢區,新都城,新都城中心三期,貿業路,8,,NT,SAI KUNG DISTRICT,METRO CITY,MCP DISCOVERY,MAU YIP ROAD,8,
青衣青敬路33號青衣城108D-E號舖,91,新界,葵青區,盈翠半島,青衣城,青敬路,33,,NT,KWAI TSING DISTRICT,TIERRA VERDE,MARITIME SQUARE,TSING KING ROAD,33,
荃灣大河道14-16號登發大廈,82,新界,荃灣區,,登發大廈,大河道,14,,NT,TSUEN WAN DISTRICT,,DUNG FAT MANSION,TAI HO ROAD,14,
荃灣沙咀道288號地下,62,新界,荃灣區,,沙咀道３９號,沙咀道,37,,NT,TSUEN WAN DISTRICT,,39 SHA TSUI ROAD,SHA TSUI ROAD,37,
屯門湖翠路168-236號海趣坊93-95號舖,88,新界,屯門區,海翠花園,海趣坊,湖翠路,168,,NT,TUEN MUN DISTRICT,PIERHEAD GARDEN,OCEAN WALK,WU CHUI ROAD,168,
大嶼山東涌慶東街1號東堤灣畔地下23號舖,91,新界,離島區,東堤灣畔,,慶東街,1,1,NT,ISLANDS DISTRICT,TUNG CHUNG CRESCENT,,HING TUNG STREET,1,1
新界元朗青山公路元朗段162-168號聯昇樓地下C號舖,95,新界,元朗區,,聯昇樓,青山公路元朗段,162,,NT,YUEN LONG DISTRICT,,LEN SHING MANSION,CASTLE PEAK ROAD YUEN LONG,162,
"香港太古城道18號太古城中心商場2期B1層, APITA",96,香港,東區,太古城,太古城中心,太古城道,18,,HK,EASTERN DISTRICT,TAIKOO SHING,CITYPLAZA,TAIKOO SHING ROAD,18,
新界屯門鄉事會道52-62號萬祥樓地下4號及5號舖,83,新界,屯門區,,萬祥樓,屯門鄉事會路,62,,NT,TUEN MUN DISTRICT,,MAN CHEUNG MANSION,TUEN MUN HEUNG SZE WUI ROAD,62,
九龍黃大仙正德街103號黃大仙中心地下G3C號舖,98,九龍,黃大仙區,黃大仙下邨(二區),黃大仙中心南館,正德街,103,,KLN,WONG TAI SIN DISTRICT,LOWER WONG TAI SIN (II) ESTATE,TEMPLE MALL SOUTH,CHING TAK STREET,103,
香港士美菲路12號文光閣地下A2號舖及1樓A室,100,香港,中西區,,文光閣,士美菲路,12,,HK,CENTRAL & WESTERN DISTRICT,,MAN KWONG COURT,SMITHFIELD,12,
粉嶺百和路88號花都廣場地下A11-A14及110-112號舖,66,新界,北區,花都廣場,,百和路,88,,NT,NORTH DISTRICT,FLORA PLAZA,,PAK WO ROAD,88,
香港仔大道184號港基大廈地下B舖,100,香港,南區,,港基大廈,香港仔大道,184,,HK,SOUTHERN DISTRICT,,KONG KAI BUILDING,ABERDEEN MAIN ROAD,184,
銅鑼灣軒尼詩道447號地下,66,香港,灣仔區,,銅鑼灣廣場,軒尼詩道,489,,HK,WAN CHAI DISTRICT,,CAUSEWAY BAY PLAZA,HENNESSY ROAD,489,
香港德輔道中120號大眾銀行中心地下,100,香港,中西區,,大眾銀行中心,德輔道中,120,,HK,CENTRAL & WESTERN DISTRICT,,PUBLIC BANK CENTRE,DES VOEUX ROAD CENTRAL,120,
香港德輔道中120號大眾銀行中心地下,100,香港,中西區,,大眾銀行中心,德輔道中,120,,HK,CENTRAL & WESTERN DISTRICT,,PUBLIC BANK CENTRE,DES VOEUX ROAD CENTRAL,120,
香港中環德輔道中71號永安集團大廈地下A 舖,100,香港,中西區,,永安集團大廈,德輔道中,71,,HK,CENTRAL & WESTERN DISTRICT,,WING ON HSE,DES VOEUX ROAD CENTRAL,71,
香港北角英皇道338號華懋交易廣場2期地下2號舖,100,香港,東區,,華懋交易廣場II期,英皇道,338,,HK,EASTERN DISTRICT,,TWO CHINACHEM EXCHANGE SQUARE,KING'S ROAD,338,
香港鰂魚涌英皇道 1010-1026 號海景樓地下 8 號舖,89,香港,東區,,海景樓,英皇道,1026,,HK,EASTERN DISTRICT,,OCEANIC MANSION,KING'S ROAD,1026,
筲箕灣道326-332號康泰大廈地下2號舖,82,香港,東區,,康泰大樓,筲箕灣道,326,,HK,EASTERN DISTRICT,,HONG TAI BUILDING,SHAU KEI WAN ROAD,326,
香港德輔道西163-173號金坤大廈地下2-3號舖,95,香港,中西區,,金坤大廈,德輔道西,163,,HK,CENTRAL & WESTERN DISTRICT,,KAM KWAN BUILDING,DES VOEUX ROAD WEST,163,
香港德輔道西369-375號香港商業中心地下B1,74,香港,中西區,創業中心,創業商場,德輔道西,402,,HK,CENTRAL & WESTERN DISTRICT,CHONG YIP CENTRE,CHONG YIP SHOPPING CENTRE,DES VOEUX ROAD WEST,402,
九龍長沙灣道746號地下C2舖,75,九龍,深水埗區,,長沙灣道９０９號,長沙灣道,909,,KLN,SHAM SHUI PO DISTRICT,,909 CHEUNG SHA WAN ROAD,CHEUNG SHA WAN ROAD,909,
九龍紅磡馬頭圍道37號紅磡商業中心地下,99,九龍,九龍城區,紅磡商業中心,,馬頭圍道,37,B,KLN,KOWLOON CITY DISTRICT,HUNGHOM COMMERCIAL CENTRE,,MA TAU WAI ROAD,37,B
九龍九龍城衙前圍道15號地下,72,九龍,九龍城區,,中銀九龍城大樓,衙前圍道,25,,KLN,KOWLOON CITY DISTRICT,,BOC KOWLOON CITY BUILDING,NGA TSIN WAI ROAD,25,
九龍旺角道16號日本信用大廈地下,100,九龍,油尖旺區,,日本信用大廈,旺角道,16,,KLN,YAU TSIM MONG DISTRICT,,J C G BUILDING,MONG KOK ROAD,16,
九龍彌敦道751號地下,100,九龍,油尖旺區,,龍盛樓,彌敦道,751,,KLN,YAU TSIM MONG DISTRICT,,LUNG SHING MANSION,NATHAN ROAD,751,
新蒲崗大有街31號善美工業大廈地下B室,98,九龍,黃大仙區,,善美工業大廈,大有街,31,,KLN,WONG TAI SIN DISTRICT,,PERFECT INDUSTRIAL BUILDING,TAI YAU STREET,31,
九龍土瓜灣道237A號益豐大厦B座地下109號及120號舖,98,九龍,九龍城區,益豐大廈,,土瓜灣道,237A,B,KLN,KOWLOON CITY DISTRICT,I-FENG MANSION,,TO KWA WAN ROAD,237A,B
九龍黃大仙慈雲山中心6樓641–642號舖,87,九龍,黃大仙區,,慈雲山中心,毓華街,23,,KLN,WONG TAI SIN DISTRICT,,TSZ WAN SHAN SHOPPING CENTRE,YUK WAH STREET,23,
九龍彌敦道486號益南華廈地下,100,九龍,油尖旺區,,益南華廈,彌敦道,486,,KLN,YAU TSIM MONG DISTRICT,,EK NAM BUILDING,NATHAN ROAD,486,
新界西貢宜春街16號地下,100,新界,西貢區,,,宜春街,16,,NT,SAI KUNG DISTRICT,,,YI CHUN STREET,16,
新界沙田好運中心商場4-6B舖,78,新界,沙田區,好運中心,棕林閣,橫壆街,1,,NT,SHA TIN DISTRICT,LUCKY PLAZA,CHUNG LAM COURT,WANG POK STREET,1,
新 界 大 埔 普 益 街 37 及 39 號 東 翼 地 舖,88,新界,大埔區,,,普益街,39,,NT,TAI PO DISTRICT,,,PO YICK STREET,39,
新界將軍澳新都城中心一期地下G105-106號舖,76,新界,西貢區,新都城,新都城中心三期,貿業路,8,,NT,SAI KUNG DISTRICT,METRO CITY,MCP DISCOVERY,MAU YIP ROAD,8,
新界荃灣青山公路185-187號荃勝大廈地下,90,新界,荃灣區,,荃勝大廈,青山公路荃灣段,187,,NT,TSUEN WAN DISTRICT,,VICTORY COURT,CASTLE PEAK ROAD TSUEN WAN,187,
新界元朗教育路3-7號富好大廈地下5號舖,92,新界,元朗區,,富好大樓,教育路,3,,NT,YUEN LONG DISTRICT,,FU HO BUILDING,KAU YUK ROAD,3,
九龍大角咀埃華街88-102號大全樓地下2B舖,92,九龍,油尖旺區,大同新邨,大全樓,埃華街,102,,KLN,YAU TSIM MONG DISTRICT,COSMOPOLITAN ESTATES,TAI CHUEN BUILDING,IVY STREET,102,
九龍尖沙咀麼地道 43 號地下前座,75,九龍,油尖旺區,,尖沙咀中心,麼地道,66,,KLN,YAU TSIM MONG DISTRICT,,TSIM SHA TSUI CENTRE,MODY ROAD,66,
香港仔香港仔大道162至164號地下,96,香港,南區,,,香港仔大道,164,,HK,SOUTHERN DISTRICT,,,ABERDEEN MAIN ROAD,164,
金鐘金鐘道95號統一中心1007 & 1008號舖,91,香港,中西區,,統一中心,金鐘道,95,,HK,CENTRAL & WESTERN DISTRICT,,UNITED CENTRE,QUEENSWAY,95,
銅鑼灣怡和街2-6號英光大廈地下,85,香港,灣仔區,,英光大廈,怡和街,2,,HK,WAN CHAI DISTRICT,,YING KONG MANSION,YEE WO STREET,2,
銅鑼灣軒尼詩道555號崇光百貨公司(面向東角道),74,香港,灣仔區,,東角中心(新翼),軒尼詩道,555,,HK,WAN CHAI DISTRICT,,EAST POINT CENTRE (NEW WING),HENNESSY ROAD,555,
中環德輔道中10號L/F堂,77,香港,中西區,,東亞銀行大廈,德輔道中,10,,HK,CENTRAL & WESTERN DISTRICT,,THE BANK OF EAST ASIA BUILDING,DES VOEUX ROAD CENTRAL,10,
中環德輔道中10號地下,78,香港,中西區,,東亞銀行大廈,德輔道中,10,,HK,CENTRAL & WESTERN DISTRICT,,THE BANK OF EAST ASIA BUILDING,DES VOEUX ROAD CENTRAL,10,
中環德輔道中10號地下,78,香港,中西區,,東亞銀行大廈,德輔道中,10,,HK,CENTRAL & WESTERN DISTRICT,,THE BANK OF EAST ASIA BUILDING,DES VOEUX ROAD CENTRAL,10,
中環娛樂行2樓2E及F號舖對出,50,香港,中西區,,娛樂行,皇后大道中,30,,HK,CENTRAL & WESTERN DISTRICT,,ENTERTAINMENT BUILDING,QUEEN'S ROAD CENTRAL,30,
柴灣柴灣道345號地下,88,香港,東區,金源洋樓,,柴灣道,345,A,HK,EASTERN DISTRICT,GOLD MINE BUILDING,,CHAI WAN ROAD,345,A
跑馬地成和道5至7號地下,62,香港,灣仔區,,跑馬地警署,成和道,60,,HK,WAN CHAI DISTRICT,,HAPPY VALLEY POLICE STATION,SING WOO ROAD,60,
半山般含道19至27號嘉富大廈1至3號,83,香港,中西區,,嘉富大廈,般咸道,19,,HK,CENTRAL & WESTERN DISTRICT,,KA FU BUILDING,BONHAM ROAD,19,
半山堅道63至69號慧源閣地下C,82,香港,中西區,,慧源閣,堅道,63,,HK,CENTRAL & WESTERN DISTRICT,,CAMEO COURT,CAINE ROAD,63,
北角英皇道326至328號地下,66,香港,東區,,恒英大廈,英皇道,326,,HK,EASTERN DISTRICT,,HANG YING HOUSE,KING'S ROAD,326,
香港鰂魚涌英皇道1032-1044號福昌樓地下G2-G4號,92,香港,東區,,福昌樓,英皇道,1044,,HK,EASTERN DISTRICT,,FOK CHEONG BUILDING,KING'S ROAD,1044,
鰂魚涌太古城耀星閣G1010-1011號,67,香港,東區,太古城,耀星閣,太古城道,14,,HK,EASTERN DISTRICT,TAIKOO SHING,YIU SING MANSION,TAIKOO SHING ROAD,14,
筲箕灣筲箕灣道289至293號嘉福大廈地下,82,香港,東區,,嘉福大廈,筲箕灣道,289,,HK,EASTERN DISTRICT,,KA FOOK BUILDING,SHAU KEI WAN ROAD,289,
上環德輔道中181號地下,81,香港,中西區,,大新行,德輔道中,181,,HK,CENTRAL & WESTERN DISTRICT,,SUN HOUSE,DES VOEUX ROAD CENTRAL,181,
灣仔軒尼詩道253至261號依時商業大厦地下A-C號,90,香港,灣仔區,,依時商業大廈,軒尼詩道,253,,HK,WAN CHAI DISTRICT,,EASEY COMMERCIAL BUILDING,HENNESSY ROAD,253,
灣仔軒尼詩道253至261號依時商業大厦地下A-C號,90,香港,灣仔區,,依時商業大廈,軒尼詩道,253,,HK,WAN CHAI DISTRICT,,EASEY COMMERCIAL BUILDING,HENNESSY ROAD,253,
灣仔軒尼詩道399號東區商業大廈地下,91,香港,灣仔區,,東區商業大廈,軒尼詩道,399,,HK,WAN CHAI DISTRICT,,EASTERN COMMERCIAL CENTRE,HENNESSY ROAD,399,
灣仔皇后大道東228號地下B及C舖,88,香港,灣仔區,,中華大廈,皇后大道東,228,,HK,WAN CHAI DISTRICT,,JONSIM PLACE,QUEEN'S ROAD EAST,228,
灣仔告士打道56號東亞銀行港灣中心地下1號舖,91,香港,灣仔區,,東亞銀行港灣中心,告士打道,56,,HK,WAN CHAI DISTRICT,,BANK OF EAST ASIA HARBOUR VIEW CENTRE,GLOUCESTER ROAD,56,
灣仔海港中心一樓SC#1號舖,63,香港,灣仔區,,海港中心,港灣道,25,,HK,WAN CHAI DISTRICT,,HARBOUR CENTRE,HARBOUR ROAD,25,
香港石塘咀皇后大道西484-496號新安大樓地下I及J號,91,香港,中西區,,新安大樓,皇后大道西,484,,HK,CENTRAL & WESTERN DISTRICT,,SUN ON BUILDING,QUEEN'S ROAD WEST,484,
長沙灣長沙灣道833號長沙灣廣場1樓117-118號,97,九龍,深水埗區,長沙灣廣場,,長沙灣道,833,,KLN,SHAM SHUI PO DISTRICT,CHEUNG SHA WAN PLAZA,,CHEUNG SHA WAN ROAD,833,
何文田窩打老道77B及77C芝齡大廈地下A號,90,九龍,九龍城區,,芝齡大廈,窩打老道,77B,,KLN,KOWLOON CITY DISTRICT,,RICHLAND HOUSE,WATERLOO ROAD,77B,
紅磡馬頭圍道23至27號地下,79,九龍,九龍城區,,隆基大樓,馬頭圍道,23,,KLN,KOWLOON CITY DISTRICT,,LOONG KING MANSION,MA TAU WAI ROAD,23,
紅磡黃埔花園第9期地下1至3號,72,九龍,九龍城區,黃埔花園,,德安街,11,,KLN,KOWLOON CITY DISTRICT,WHAMPOA GARDEN,,TAK ON STREET,11,
紅磡香港理工大學邵逸夫樓VA210室,70,九龍,油尖旺區,香港理工大學,邵逸夫樓,育才道,11,,KLN,YAU TSIM MONG DISTRICT,HONG KONG POLYTECHNIC UNIVERSITY,SHAW AMENITIES BUILDING,YUK CHOI ROAD,11,
紅磡都會道6號國際都會5樓3號行人天橋大堂入口,91,九龍,油尖旺區,國際都會,置富都會,都會道,6,,KLN,YAU TSIM MONG DISTRICT,THE METROPOLIS,FORTUNE METROPOLIS,METROPOLIS DRIVE,6,
九龍城衙前圍道45至45A號E及F舖,92,九龍,九龍城區,,興發樓,衙前圍道,45,,KLN,KOWLOON CITY DISTRICT,,HING FAT HOUSE,NGA TSIN WAI ROAD,45,
九龍塘達之路80號又一城MTR07號,85,九龍,深水埗區,,又一城,達之路,80,,KLN,SHAM SHUI PO DISTRICT,,FESTIVAL WALK,TAT CHEE AVENUE,80,
九龍塘浸會大學道9號香港浸會大學賽馬會師生活動中心地下G02室,91,九龍,九龍城區,香港浸會大學,賽馬會師生活動中心,浸會大學道,9,,KLN,KOWLOON CITY DISTRICT,HONG KONG BAPTIST UNIVERSITY,JOCKEY CLUB ACADEMIC COMMUNITY CENTRE,BAPTIST UNIVERSITY ROAD,9,
觀塘康寧道7號地下,88,九龍,觀塘區,,晨光大廈,康寧道,7,,KLN,KWUN TONG DISTRICT,,MORNING LIGHT BUILDING,HONG NING ROAD,7,
觀塘開源道54號豐利中心地下1號,91,九龍,觀塘區,,豐利中心,開源道,54,,KLN,KWUN TONG DISTRICT,,HEWLETT CENTRE,HOI YUEN ROAD,54,
觀塘麗港城商場地下38號,70,九龍,觀塘區,麗港城,麗港城商場,茶果嶺道,88,,KLN,KWUN TONG DISTRICT,LAGUNA CITY,LAGUNA PLAZA,CHA KWO LING ROAD,88,
觀塘觀塘道418號創紀之城五期地下1號,84,九龍,觀塘區,,APM 創紀之城5,觀塘道,418,,KLN,KWUN TONG DISTRICT,,APM MILLENNIUM CITY 5,KWUN TONG ROAD,418,
觀塘觀塘道418號創紀之城五期大堂高層UC-36舖對出,92,九龍,觀塘區,,APM 創紀之城5,觀塘道,418,,KLN,KWUN TONG DISTRICT,,APM MILLENNIUM CITY 5,KWUN TONG ROAD,418,
觀塘觀塘道418號創紀之城五期大堂高層UC-36舖對出,92,九龍,觀塘區,,APM 創紀之城5,觀塘道,418,,KLN,KWUN TONG DISTRICT,,APM MILLENNIUM CITY 5,KWUN TONG ROAD,418,
觀塘秀茂坪寶達邨商場地下9號舖對出自動扶手電梯下,78,九龍,觀塘區,寶達邨,秀茂坪天主教小學,寶琳路,2,,KLN,KWUN TONG DISTRICT,PO TAT ESTATE,SAU MAU PING CATHOLIC PRIMARY SCHOOL,PO LAM ROAD,2,
觀塘曉麗苑曉麗商場出入口對出近209A號舖,70,九龍,觀塘區,曉麗苑,曉麗商場,曉光街,21,,KLN,KWUN TONG DISTRICT,HIU LAI COURT,HIU LAI SHOPPING CENTRE,HIU KWONG STREET,21,
荔枝角深盛路9號宇晴匯2樓櫃員機位置A,88,九龍,深水埗區,宇晴軒,宇晴滙,深盛路,9,,KLN,SHAM SHUI PO DISTRICT,THE PACIFICA,THE PACIFICA MALL,SHAM SHING ROAD,9,
橫頭磡樂富廣場L樓 L217-L223號,70,九龍,黃大仙區,樂富邨,樂富廣場,聯合道,198,,KLN,WONG TAI SIN DISTRICT,LOK FU ESTATE,LOK FU PLAZA,JUNCTION ROAD,198,
美孚新邨萬事達廣場地下N57號,70,九龍,深水埗區,美孚新邨,,萬事達廣場,1,,KLN,SHAM SHUI PO DISTRICT,MEI FOO SUN CHUEN,,MOUNT STERLING MALL,1,
九龍旺角彌敦道664號惠豐中心7樓 703-706室,100,九龍,油尖旺區,,惠豐中心,彌敦道,664,,KLN,YAU TSIM MONG DISTRICT,,WAI FUNG PLAZA,NATHAN ROAD,664,
旺角彌敦道720-722號家樂樓地下,82,九龍,油尖旺區,,家樂樓,彌敦道,722,,KLN,YAU TSIM MONG DISTRICT,,KALOK BUILDING,NATHAN ROAD,722,
旺角太子道西154-158號旺角城大廈地下近正門入口,85,九龍,油尖旺區,,旺角城大廈,太子道西,154,,KLN,YAU TSIM MONG DISTRICT,,MONGKOK CITY BUILDING,PRINCE EDWARD ROAD WEST,154,
牛頭角振華道70號樂華﹝北﹞商場二樓二號自動櫃員機,91,九龍,觀塘區,樂華北邨,樂華商場,振華道,70,,KLN,KWUN TONG DISTRICT,LOK WAH NORTH ESTATE,LOK WAH SHOPPING CENTRE,CHUN WAH ROAD,70,
新蒲崗崇齡街65號地下,76,九龍,黃大仙區,崇齡大廈,,崇齡街,65,,KLN,WONG TAI SIN DISTRICT,SHUNG LING BUILDING,,SHUNG LING STREET,65,
深水埗青山道305號地下1號,88,九龍,深水埗區,,ONE MADISON,青山道,305,,KLN,SHAM SHUI PO DISTRICT,,ONE MADISON,CASTLE PEAK ROAD,305,
深水埗窩仔街13號地下,88,九龍,深水埗區,,仁寶大廈,窩仔街,13,,KLN,SHAM SHUI PO DISTRICT,,AMPLE BUILDING,WOH CHAI STREET,13,
大角咀海庭道18號奧海城2期UG46至47號,85,九龍,油尖旺區,帝柏海灣,奧海城二期,海庭道,18,,KLN,YAU TSIM MONG DISTRICT,CENTRAL PARK,OLYMPIAN CITY 2,HOI TING ROAD,18,
尖沙咀加連威老道98號東海商業中心地下G3-G5號,91,九龍,油尖旺區,,東海商業中心,加連威老道,98,,KLN,YAU TSIM MONG DISTRICT,,EAST OCEAN CENTRE,GRANVILLE ROAD,98,
尖沙咀彌敦道63號國際廣場地下高層UG01號舖對出,97,九龍,油尖旺區,,國際廣場,彌敦道,63,,KLN,YAU TSIM MONG DISTRICT,,ISQUARE,NATHAN ROAD,63,
鑽石山龍蟠街3號荷里活廣場1樓102A號舖,97,九龍,黃大仙區,星河明居,荷里活廣場,龍蟠街,3,,KLN,WONG TAI SIN DISTRICT,GALAXIA,PLAZA HOLLYWOOD,LUNG POON STREET,3,
黃大仙毓華街23號慈雲山中心5樓540號舖,90,九龍,黃大仙區,,慈雲山中心,毓華街,23,,KLN,WONG TAI SIN DISTRICT,,TSZ WAN SHAN SHOPPING CENTRE,YUK WAH STREET,23,
黃大仙毓華街23號慈雲山中心5樓540號舖,90,九龍,黃大仙區,,慈雲山中心,毓華街,23,,KLN,WONG TAI SIN DISTRICT,,TSZ WAN SHAN SHOPPING CENTRE,YUK WAH STREET,23,
油麻地彌敦道524號地下,72,九龍,油尖旺區,,僑江大廈,彌敦道,524,,KLN,YAU TSIM MONG DISTRICT,,KIU KONG MANSION,NATHAN ROAD,524,
粉嶺名都商場2樓27B及27C室,76,新界,北區,粉嶺名都,,粉嶺車站路,18,,NT,NORTH DISTRICT,FANLING TOWN CENTER,,FANLING STATION ROAD,18,
葵涌興芳路202號地下,88,新界,葵青區,,葵豐大廈,興芳路,202,,NT,KWAI TSING DISTRICT,,KWAI FUNG BUILDING,HING FONG ROAD,202,
葵涌葵涌邨商場1樓102號舖對出自動扶手電梯下,78,新界,葵青區,葵涌邨,葵涌商場,,,,NT,KWAI TSING DISTRICT,KWAI CHUNG ESTATE,KWAI CHUNG SHOPPING CENTRE,,,
馬鞍山西沙路608號馬鞍山廣場三樓318-322號,98,新界,沙田區,海栢花園,馬鞍山廣場,西沙路,608,,NT,SHA TIN DISTRICT,BAYSHORE TOWERS,MA ON SHAN PLAZA,SAI SHA ROAD,608,
馬鞍山頌安邨商場地下保安櫃位側,72,新界,沙田區,頌安邨,頌安商場,西沙路,632,,NT,SHA TIN DISTRICT,CHUNG ON ESTATE,CHUNG ON SHOPPING CENTRE,SAI SHA ROAD,632,
西貢清水灣香港科技大學廣場入口地下,76,新界,沙田區,香港科學園,企業廣場,科技大道西,5W,,NT,SHA TIN DISTRICT,HONG KONG SCIENCE PARK,ENTERPRISE PLACE,SCIENCE PARK WEST AVENUE,5W,
沙田廣場地下4號,71,新界,沙田區,沙田廣場,,沙田正街,21,,NT,SHA TIN DISTRICT,SHA TIN PLAZA,,SHA TIN CENTRE STREET,21,
沙田中文大學范克廉樓地下,61,新界,沙田區,香港中文大學,羅桂祥綜合生物醫學大樓,大埔公路馬料水段,,,NT,SHA TIN DISTRICT,THE CHINESE UNIVERSITY OF HONG KONG,LO KWEE-SEONG INTEGRATED BIOMEDICAL SCIENCES BUILDING,TAI PO ROAD MA LIU SHUI,,
沙田禾輋邨禾輋商場近56號舖,77,新界,沙田區,禾輋邨,豐和樓,禾輋街,7,,NT,SHA TIN DISTRICT,WO CHE ESTATE,FUNG WO HSE,WO CHE STREET,7,
沙田大圍美田邨美田商場1樓104號舖對面,74,新界,沙田區,美林邨,美林商場,美田路,30,,NT,SHA TIN DISTRICT,MEI LAM ESTATE,MEI LAM SHOPPING CENTRE,MEI TIN ROAD,30,
上水彩園路8號彩園廣場3樓櫃員機4,98,新界,北區,彩園邨,彩園廣場,彩園路,8,,NT,NORTH DISTRICT,CHOI YUEN ESTATE,CHOI YUEN PLAZA,CHOI YUEN ROAD,8,
大埔墟寶鄉街62至66號地下,77,新界,大埔區,,聯豐大廈,寶鄉街,62,,NT,TAI PO DISTRICT,,LUEN FUNG BUILDING,PO HEUNG STREET,62,
香港教育學院中央大樓平台C-P-12室,78,新界,大埔區,香港教育大學,中央大樓,露屏路,10,,NT,TAI PO DISTRICT,THE EDUCATION UNIVERSITY OF HONG KONG,CENTRAL FACILITIES,LO PING ROAD,10,
大埔露屏路10號香港教育學院C2019室,91,新界,大埔區,香港教育大學,教學大樓Ｂ１,露屏路,10,,NT,TAI PO DISTRICT,THE EDUCATION UNIVERSITY OF HONG KONG,ACADEMIC BUILDING B1,LO PING ROAD,10,
大埔廣福邨廣福商場平台近K1號舖,72,新界,大埔區,廣福邨,廣福商場,寶湖道,28,,NT,TAI PO DISTRICT,KWONG FUK ESTATE,KWONG FUK COMMERCIAL CENTRE,PLOVER COVE ROAD,28,
大埔太和邨太和商場S229E商舖,70,新界,大埔區,太和邨,太和廣場,大埔太和路,12,,NT,TAI PO DISTRICT,TAI WO ESTATE,TAI WO PLAZA,TAI PO TAI WO ROAD,12,
大圍道16至18號祥豐大樓地下,98,新界,沙田區,,祥豐大樓,大圍道,16,,NT,SHA TIN DISTRICT,,CHEUNG FUNG MANSION,TAI WAI ROAD,16,
胡陳金枝中學,60,新界,屯門區,,鐘聲慈善社胡陳金枝中學,兆麟街,20,,NT,TUEN MUN DISTRICT,,CHUNG SING BENEVOLENT SOCIETY MRS. AW BOON HAW SECONDARY SCHOOL,SIU LUN STREET,20,
皇后大道中80號H Queen's,97,香港,中西區,,H QUEEN'S,皇后大道中,80,,HK,CENTRAL & WESTERN DISTRICT,,H QUEEN'S,QUEEN'S ROAD CENTRAL,80,
